Team,Total,Wickets
Kolkata Knight Riders,222,3
---
Batter,Dismissal,Runs,Balls,4s,6s
SC Ganguly,c JH Kallis b Z Khan,10,12,2,0
BB McCullum,not out,158,73,10,13
RT Ponting,c P Kumar b JH Kallis,20,20,1,1
DJ Hussey,c CL White b AA Noffke,12,12,1,0
Mohammad Hafeez,not out,5,3,1,0
---
Noballs,Wides,Legbyes,Byes
0,9,4,4
---
Bowler,O,R,W
P Kumar,4.0,41,0
Z Khan,4.0,38,1
AA Noffke,4.0,41,1
JH Kallis,4.0,52,1
SB Joshi,3.0,26,0
CL White,1.0,24,0
---
Team,Total,Wickets
Royal Challengers Bangalore,82,9
---
Batter,Dismissal,Runs,Balls,4s,6s
R Dravid,b I Sharma,2,3,0,0
W Jaffer,c RT Ponting b AB Dinda,6,16,0,0
V Kohli,b AB Dinda,1,5,0,0
JH Kallis,c M Kartik b AB Agarkar,8,7,0,1
CL White,c WP Saha b AB Agarkar,6,10,0,0
MV Boucher,c M Kartik b SC Ganguly,7,9,1,0
B Akhil,c RT Ponting b AB Agarkar,0,2,0,0
AA Noffke,c AB Agarkar not out SC Ganguly,9,10,1,0
P Kumar,not out,18,15,1,2
Z Khan,b SC Ganguly,3,8,0,0
SB Joshi,c BB McCullum b LR Shukla,3,6,0,0
---
Noballs,Wides,Legbyes,Byes
0,11,0,8
---
Bowler,O,R,W
AB Dinda,3.0,9,2
I Sharma,3.0,13,1
AB Agarkar,4.0,25,3
SC Ganguly,4.0,23,2
LR Shukla,1.1,12,1
