Team,Total,Wickets
Chennai Super Kings,170,5
---
Batter,Dismissal,Runs,Balls,4s,6s
F du Plessis,b SM Curran,96,55,10,4
SR Watson,b SM Curran,7,11,1,0
SK Raina,c Mohammed Shami b SM Curran,53,38,5,2
MS Dhoni,not out,10,12,0,0
AT Rayudu,c Mandeep Singh b Mohammed Shami,1,2,0,0
KM Jadhav,b Mohammed Shami,0,1,0,0
DJ Bravo,not out,1,1,0,0
---
Noballs,Wides,Legbyes,Byes
0,1,0,1
---
Bowler,O,R,W
Harpreet Brar,3.0,24,0
Mohammed Shami,3.0,18,2
SM Curran,4.0,35,3
R Ashwin,4.0,23,0
AJ Tye,3.0,37,0
M Ashwin,3.0,33,0
---
Team,Total,Wickets
Kings XI Punjab,173,4
---
Batter,Dismissal,Runs,Balls,4s,6s
KL Rahul,c Imran Tahir b Harbhajan Singh,71,36,7,5
CH Gayle,c DR Shorey b Harbhajan Singh,28,28,2,2
N Pooran,c MS Dhoni b RA Jadeja,36,22,3,3
MA Agarwal,c RA Jadeja b Harbhajan Singh,7,6,1,0
Mandeep Singh,not out,11,9,0,0
SM Curran,not out,6,7,1,0
---
Noballs,Wides,Legbyes,Byes
0,5,4,5
---
Bowler,O,R,W
DL Chahar,4.0,28,0
Harbhajan Singh,4.0,58,3
DJ Bravo,4.0,31,0
Imran Tahir,4.0,40,0
RA Jadeja,2.0,16,1
