{
  "import": "import {double} from \"./main.js\"\nimport { describe, test } from \"jsr:@std/testing/bdd\";\nimport { assertEquals } from \"jsr:@std/assert\";",
  "groups": {
    "finding the double of one digit number": [
      {
        "type": "the double of 3 is 6",
        "args": "3",
        "expected": 6,
        "function": "double"
      },
      {
        "type": "the double of 2 is 4",
        "args": 2,
        "expected": 4,
        "function": "double"
      },
      {
        "type": "the double of 1 is 2",
        "args": 1,
        "expected": 2,
        "function": "double"
      },
      {
        "type": "the double of 0 is 0",
        "args": 0,
        "expected": 0,
        "function": "double"
      }
    ]
  }
}
